[
  {
    "title": "Company Secretary",
    "city": "Bangalore",
    "country": "India",
    "zip_code": "160066",
    "post_date": "Dec 12, 2025",
    "link": "https://careers.avasotech.com/job/Company-Secretary/1324973255/"
  },
  {
    "title": "Project Manager",
    "city": "Bangalore",
    "country": "India",
    "zip_code": "160062",
    "post_date": "Dec 12, 2025",
    "link": "https://careers.avasotech.com/job/Project-Manager/1330526955/"
  },
  {
    "title": "SME - Transfer Pricing",
    "city": "Mohali",
    "country": "India",
    "zip_code": "160066",
    "post_date": "Dec 11, 2025",
    "link": "https://careers.avasotech.com/job/SME-Transfer-Pricing/1166138255/"
  },
  {
    "title": "Field Engineer",
    "city": "Sydney",
    "country": "Australia",
    "zip_code": "2000",
    "post_date": "Dec 11, 2025",
    "link": "https://careers.avasotech.com/job/Field-Engineer/1327188455/"
  },
  {
    "title": "IT Support Engineer-EUC L2",
    "city": "Basel",
    "country": "Switzerland",
    "zip_code": "4051",
    "post_date": "Dec 11, 2025",
    "link": "https://careers.avasotech.com/job/IT-Support-Engineer-EUC-L2/1167597655/"
  },
  {
    "title": "IT Support Engineer: EUC L2",
    "city": "Harlow",
    "country": "United Kingdom",
    "zip_code": "CM20 2FB",
    "post_date": "Dec 11, 2025",
    "link": "https://careers.avasotech.com/job/IT-Support-Engineer-EUC-L2/1332847655/"
  },
  {
    "title": "Field Support Engineer- EUC L2",
    "city": "Barcelona",
    "country": "Spain",
    "zip_code": "08025",
    "post_date": "Dec 11, 2025",
    "link": "https://careers.avasotech.com/job/Field-Support-Engineer-EUC-L2/1332898955/"
  },
  {
    "title": "IT Field Engineer",
    "city": "Melbourne",
    "country": "Australia",
    "zip_code": "3000",
    "post_date": "Dec 9, 2025",
    "link": "https://careers.avasotech.com/job/IT-Field-Engineer/1330218455/"
  },
  {
    "title": "Field Support Engineer- EUC L1",
    "city": "Bogota",
    "country": "Colombia",
    "zip_code": "110111",
    "post_date": "Dec 9, 2025",
    "link": "https://careers.avasotech.com/job/Field-Support-Engineer-EUC-L1/1332635255/"
  },
  {
    "title": "Sr. Exe. - FP&A",
    "city": "Bangalore",
    "country": "India",
    "zip_code": "160066",
    "post_date": "Dec 8, 2025",
    "link": "https://careers.avasotech.com/job/Sr_-Exe_-FP&A/1166233755/"
  },
  {
    "title": "IT Support Engineer - EUC L2",
    "city": "Hilversum",
    "country": "Netherlands",
    "zip_code": "1221 JT",
    "post_date": "Dec 8, 2025",
    "link": "https://careers.avasotech.com/job/IT-Support-Engineer-EUC-L2/1332450555/"
  },
  {
    "title": "IT Support Engineer: EUC L2",
    "city": "Ulm",
    "country": "Germany",
    "zip_code": "D-89079",
    "post_date": "Dec 8, 2025",
    "link": "https://careers.avasotech.com/job/IT-Support-Engineer-EUC-L2/1332451155/"
  },
  {
    "title": "IT Support Engineer-EUCL2",
    "city": "Toamasina",
    "country": "Madagascar",
    "zip_code": "501",
    "post_date": "Dec 8, 2025",
    "link": "https://careers.avasotech.com/job/IT-Support-Engineer-EUCL2/1332449755/"
  },
  {
    "title": "SAP HANA Techno-Functional Consultant",
    "city": "Mohali",
    "country": "India",
    "zip_code": "160062",
    "post_date": "Dec 7, 2025",
    "link": "https://careers.avasotech.com/job/SAP-HANA-Techno-Functional-Consultant/1154725855/"
  },
  {
    "title": "Project Specialist",
    "city": "Mohali",
    "country": "India",
    "zip_code": "160066",
    "post_date": "Dec 6, 2025",
    "link": "https://careers.avasotech.com/job/Project-Specialist/1330130555/"
  },
  {
    "title": "SME- Treasury & Payments 1",
    "city": "Bangalore",
    "country": "India",
    "zip_code": "160066",
    "post_date": "Dec 5, 2025",
    "link": "https://careers.avasotech.com/job/SME-Treasury-&-Payments-1/1326758355/"
  },
  {
    "title": "IT Support Engineer - EUC L2",
    "city": "Warsaw",
    "country": "Poland",
    "zip_code": "02-823",
    "post_date": "Dec 5, 2025",
    "link": "https://careers.avasotech.com/job/IT-Support-Engineer-EUC-L2/1330063155/"
  },
  {
    "title": "Global Talent Acquisition Executive",
    "city": "Mohali",
    "country": "India",
    "zip_code": "160066",
    "post_date": "Dec 5, 2025",
    "link": "https://careers.avasotech.com/job/Global-Talent-Acquisition-Executive/1332302555/"
  },
  {
    "title": "IT Support Engineer - EUC L2",
    "city": "Shanghai",
    "country": "China",
    "zip_code": "200335",
    "post_date": "Dec 5, 2025",
    "link": "https://careers.avasotech.com/job/IT-Support-Engineer-EUC-L2/1332299955/"
  },
  {
    "title": "Mobility Asset Management Specialist",
    "city": "Bishopsgate",
    "country": "United Kingdom",
    "zip_code": "EC2N 4AY",
    "post_date": "Dec 5, 2025",
    "link": "https://careers.avasotech.com/job/Mobility-Asset-Management-Specialist/1332321855/"
  },
  {
    "title": "IT Support Engineer: EUC L1",
    "city": "Valby",
    "country": "Denmark",
    "zip_code": "2500",
    "post_date": "Dec 4, 2025",
    "link": "https://careers.avasotech.com/job/IT-Support-Engineer-EUC-L1/1332206555/"
  },
  {
    "title": "Senior Construction Project Manager",
    "city": "Mohali",
    "country": "India",
    "zip_code": "160066",
    "post_date": "Dec 3, 2025",
    "link": "https://careers.avasotech.com/job/Senior-Construction-Project-Manager/1329822455/"
  },
  {
    "title": "IT Warehouse SME",
    "city": "Bangalore",
    "country": "India",
    "zip_code": "560100",
    "post_date": "Dec 3, 2025",
    "link": "https://careers.avasotech.com/job/IT-Warehouse-SME/1326550255/"
  },
  {
    "title": "IT Support Engineer: EUC L2",
    "city": "Trencin",
    "country": "Slovakia",
    "zip_code": "91101",
    "post_date": "Dec 3, 2025",
    "link": "https://careers.avasotech.com/job/IT-Support-Engineer-EUC-L2/1332100255/"
  },
  {
    "title": "Global Talent Acquisition Executive",
    "city": "Mohali",
    "country": "India",
    "zip_code": "160066",
    "post_date": "Nov 29, 2025",
    "link": "https://careers.avasotech.com/job/Global-Talent-Acquisition-Executive/1165415955/"
  },
  {
    "title": "Global Talent Acquisition Executive",
    "city": "Mohali",
    "country": "India",
    "zip_code": "160066",
    "post_date": "Nov 28, 2025",
    "link": "https://careers.avasotech.com/job/Global-Talent-Acquisition-Executive/1326230255/"
  },
  {
    "title": "Field Engineer",
    "city": "Singapore",
    "country": "Singapore",
    "zip_code": "642673",
    "post_date": "Nov 28, 2025",
    "link": "https://careers.avasotech.com/job/Field-Engineer/1329520355/"
  },
  {
    "title": "Desktop Engineer- EUC L2",
    "city": "Memphis, Tennessee",
    "country": "United States",
    "zip_code": "38141",
    "post_date": "Nov 27, 2025",
    "link": "https://careers.avasotech.com/job/Desktop-Engineer-EUC-L2/1331727955/"
  },
  {
    "title": "Field Service Technician",
    "city": "Bangkok (capital)",
    "country": "Thailand",
    "zip_code": "10100",
    "post_date": "Nov 27, 2025",
    "link": "https://careers.avasotech.com/job/Field-Service-Technician/1331667455/"
  },
  {
    "title": "Subject Matter Expert – Payroll",
    "city": "Mohali",
    "country": "India",
    "zip_code": "160062",
    "post_date": "Nov 25, 2025",
    "link": "https://careers.avasotech.com/job/Subject-Matter-Expert-Payroll/1331454155/"
  },
  {
    "title": "Payroll Team Lead",
    "city": "Mohali",
    "country": "India",
    "zip_code": "160059",
    "post_date": "Nov 25, 2025",
    "link": "https://careers.avasotech.com/job/Payroll-Team-Lead/1331502755/"
  },
  {
    "title": "Associate Project Manager",
    "city": "Bangalore",
    "country": "India",
    "zip_code": "160062",
    "post_date": "Nov 21, 2025",
    "link": "https://careers.avasotech.com/job/Associate-Project-Manager/1331193155/"
  },
  {
    "title": "IT Support Engineer: EUC L2",
    "city": "Warsaw",
    "country": "Poland",
    "zip_code": "02-823",
    "post_date": "Nov 21, 2025",
    "link": "https://careers.avasotech.com/job/IT-Support-Engineer-EUC-L2/1331259855/"
  },
  {
    "title": "Technical Buyer",
    "city": "Bangalore",
    "country": "India",
    "zip_code": "560100",
    "post_date": "Nov 19, 2025",
    "link": "https://careers.avasotech.com/job/Technical-Buyer/1325457155/"
  },
  {
    "title": "Associate Manager Service Delivery",
    "city": "Mohali",
    "country": "India",
    "zip_code": "160066",
    "post_date": "Nov 19, 2025",
    "link": "https://careers.avasotech.com/job/Associate-Manager-Service-Delivery/1330967055/"
  },
  {
    "title": "SME - FP&A",
    "city": "Ho Chi Minh City (Saigon)",
    "country": "Viet Nam",
    "zip_code": "71000",
    "post_date": "Nov 18, 2025",
    "link": "https://careers.avasotech.com/job/SME-FP&A/1330905455/"
  },
  {
    "title": "Lansweeper Support Specialist",
    "city": "Mohali",
    "country": "India",
    "zip_code": "160059",
    "post_date": "Nov 17, 2025",
    "link": "https://careers.avasotech.com/job/Lansweeper-Support-Specialist/1330746155/"
  }
]